{"cameraMode":{"drawMode":0,"name":"Shaded","section":"Shading Mode"},"sceneLighting":false,"audioPlay":false,"sceneViewState":{"m_AlwaysRefresh":false,"showFog":true,"showSkybox":false,"showFlares":true,"showImageEffects":true,"showParticleSystems":true,"showVisualEffectGraphs":true,"m_FxEnabled":true},"in2DMode":false,"pivot":{"x":-0.014121055603027344,"y":1.088569164276123,"z":-0.017604947090148927},"rotation":{"x":0.10274139791727066,"y":0.8625523447990418,"z":-0.19471558928489686,"w":0.45532330870628359},"size":1.5339056253433228,"orthographic":false}