{"cameraMode":{"drawMode":0,"name":"Shaded","section":"Shading Mode"},"sceneLighting":true,"audioPlay":false,"sceneViewState":{"m_AlwaysRefresh":false,"showFog":true,"showSkybox":true,"showFlares":true,"showImageEffects":true,"showParticleSystems":true,"showVisualEffectGraphs":true,"m_FxEnabled":true},"in2DMode":false,"pivot":{"x":-0.32683712244033816,"y":0.6075639724731445,"z":-1.8210750818252564},"rotation":{"x":0.13083289563655854,"y":0.2570953369140625,"z":-0.03516634553670883,"w":0.9568184018135071},"size":2.36602520942688,"orthographic":false}