{"cameraMode":{"drawMode":0,"name":"Shaded","section":"Shading Mode"},"sceneLighting":true,"audioPlay":false,"sceneViewState":{"m_AlwaysRefresh":false,"showFog":true,"showSkybox":true,"showFlares":true,"showImageEffects":true,"showParticleSystems":true,"showVisualEffectGraphs":true,"m_FxEnabled":true},"in2DMode":false,"pivot":{"x":-0.5778319835662842,"y":6.371641159057617,"z":48.53801727294922},"rotation":{"x":0.23551441729068757,"y":0.2466123104095459,"z":-0.061839841306209567,"w":0.9378931522369385},"size":2.460592269897461,"orthographic":false}