{"cameraMode":{"drawMode":0,"name":"Shaded","section":"Shading Mode"},"sceneLighting":true,"audioPlay":false,"sceneViewState":{"m_AlwaysRefresh":false,"showFog":true,"showSkybox":true,"showFlares":true,"showImageEffects":true,"showParticleSystems":true,"showVisualEffectGraphs":true,"m_FxEnabled":true},"in2DMode":false,"pivot":{"x":4.206470012664795,"y":2.1222100257873537,"z":80.38424682617188},"rotation":{"x":0.17232920229434968,"y":-0.49435731768608096,"z":0.10076696425676346,"w":0.8458910584449768},"size":0.8660253882408142,"orthographic":false}