{"cameraMode":{"drawMode":0,"name":"Shaded","section":"Shading Mode"},"sceneLighting":true,"audioPlay":false,"sceneViewState":{"m_AlwaysRefresh":false,"showFog":true,"showSkybox":true,"showFlares":true,"showImageEffects":true,"showParticleSystems":true,"showVisualEffectGraphs":true,"m_FxEnabled":true},"in2DMode":false,"pivot":{"x":0.018232807517051698,"y":-0.8879638910293579,"z":85.20982360839844},"rotation":{"x":0.16645541787147523,"y":0.36224907636642458,"z":-0.06585923582315445,"w":0.9146050810813904},"size":4.840301990509033,"orthographic":false}