{"cameraMode":{"drawMode":0,"name":"Shaded","section":"Shading Mode"},"sceneLighting":true,"audioPlay":false,"sceneViewState":{"m_AlwaysRefresh":false,"showFog":true,"showSkybox":true,"showFlares":true,"showImageEffects":true,"showParticleSystems":true,"showVisualEffectGraphs":true,"m_FxEnabled":true},"in2DMode":false,"pivot":{"x":-0.5360333919525147,"y":3.2075517177581789,"z":0.13618360459804536},"rotation":{"x":0.031066138297319413,"y":0.08593934029340744,"z":0.0027046764735132457,"w":-0.9957361817359924},"size":3.877573013305664,"orthographic":false}