{"cameraMode":{"drawMode":0,"name":"Shaded","section":"Shading Mode"},"sceneLighting":true,"audioPlay":false,"sceneViewState":{"m_AlwaysRefresh":false,"showFog":true,"showSkybox":true,"showFlares":true,"showImageEffects":true,"showParticleSystems":true,"showVisualEffectGraphs":true,"m_FxEnabled":true},"in2DMode":false,"pivot":{"x":-5.006022930145264,"y":5.259879112243652,"z":70.89591979980469},"rotation":{"x":0.18034720420837403,"y":0.2364189624786377,"z":-0.044714778661727908,"w":0.9536986351013184},"size":0.8660253882408142,"orthographic":false}