{"cameraMode":{"drawMode":0,"name":"Shaded","section":"Shading Mode"},"sceneLighting":false,"audioPlay":false,"sceneViewState":{"m_AlwaysRefresh":false,"showFog":true,"showSkybox":false,"showFlares":true,"showImageEffects":true,"showParticleSystems":true,"showVisualEffectGraphs":true,"m_FxEnabled":true},"in2DMode":false,"pivot":{"x":0.20668767392635346,"y":0.41269657015800478,"z":-0.38285213708877566},"rotation":{"x":-0.10622384399175644,"y":-0.4813971221446991,"z":0.058976028114557269,"w":-0.8679449558258057},"size":2.1475164890289308,"orthographic":false}